Title,Price,today
Puma Emergence Softfoam+ Men's Running Shoes,"2,749.00",2022-04-14
Puma Emergence Softfoam+ Men's Running Shoes,"2,749.00",2022-04-14
Puma Emergence Softfoam+ Men's Running Shoes,"2,749.00",2022-04-14
Puma Emergence Softfoam+ Men's Running Shoes,"2,749.00",2022-04-14
Puma Emergence Softfoam+ Men's Running Shoes,"2,749.00",2022-04-14
Puma Emergence Softfoam+ Men's Running Shoes,"2,749.00",2022-04-14
Puma Emergence Softfoam+ Men's Running Shoes,"2,749.00",2022-04-14
Puma Emergence Softfoam+ Men's Running Shoes,"2,749.00",2022-04-14
Puma Emergence Softfoam+ Men's Running Shoes,"2,749.00",2022-04-14
